address,company,detail,job
东莞,"
华为
",东莞,结构件导入工程师
深圳,"
华为
",深圳,BI 数据仓库
杭州,"
华为
",杭州,无线物联网技术服务工程师
西安,"
华为
",西安,网络安全工程师
北京,"
华为
",北京,底层软件专家798096779929
东莞,"
华为
",东莞,数据库高级工程师798096969994
苏州,"
华为
",苏州,驻厂管理
深圳,"
华为
",深圳,AIARM高级嵌入式软件开发工程师
成都,"
华为
",成都,软件开发工程师
杭州,"
华为
",杭州,海外营销经理
深圳,"
华为
",深圳,海外营销经理
深圳,"
华为
",深圳,PaaS平台架构师
东莞,"
华为
",东莞,制造物流技师
南昌,"
华为
",南昌,无线物联网技术服务工程师
杭州,"
华为
",杭州,AI云服务架构师
南阳,"
想念食品
",南阳,监察专员
南阳,"
想念食品
",南阳,商务司机
南阳,"
想念食品
",南阳,设备维修 机修 电工 焊工 钳工
南阳,"
想念食品
",南阳,生产储备干部
南阳,"
想念食品
",南阳,运营助理
南阳,"
想念食品
",南阳,客服专员
南阳,"
想念食品
",南阳,农资专员
南阳,"
想念食品
",南阳,农技专员
南阳,"
想念食品
",南阳,暑期实习生
南阳,"
想念食品
",南阳,电商运营
南阳,"
想念食品
",南阳,想念长白班工人
武汉,"
想念食品
",武汉,电商运营
南阳,"
想念食品
",南阳,设备管理
南阳,"
想念食品
",南阳,品牌推广
南阳,"
想念食品
",南阳,设备管理类
佛山,"
博智林机器人
",佛山,嵌入式软件工程师
广州,"
博智林机器人
",广州,高级算法工程师
佛山,"
博智林机器人
",佛山,机械工程师
佛山,"
博智林机器人
",佛山,伺服控制组算法工程师
佛山,"
博智林机器人
",佛山,架构师
广州,"
博智林机器人
",广州,嵌入式软件工程师
佛山,"
博智林机器人
",佛山,数据采集工程师
广州,"
博智林机器人
",广州,机器视觉算法工程师
佛山,"
博智林机器人
",佛山,大数据架构师
佛山,"
博智林机器人
",佛山,AGV导航工程师
佛山,"
博智林机器人
",佛山,SLAM算法工程师
广州,"
博智林机器人
",广州,自然语言处理开发工程师
广州,"
博智林机器人
",广州,知识图谱研发工程师
佛山,"
博智林机器人
",佛山,机器学习研发工程师
佛山,"
博智林机器人
",佛山,深度学习架构师
北京,"
三一重工
",北京,边缘计算工程师
北京,"
三一重工
",北京,采购专员
苏州,"
三一重工
",苏州,水处理环境工程师
长沙,"
三一重工
",长沙,国际营销经理
北京,"
三一重工
",北京,电气工程师
苏州,"
三一重工
",苏州,超大型挖掘机工作装置设计专家
苏州,"
三一重工
",苏州,动力工程师
北京,"
三一重工
",北京,sap工程师
北京,"
三一重工
",北京,新媒体编辑
珠海,"
三一重工
",珠海,设备主管
长沙,"
三一重工
",长沙,文案策划
北京,"
三一重工
",北京,营销产 品经理
海口,"
三一重工
",海口,区域营销代表
长沙,"
三一重工
",长沙,资料员
长沙,"
三一重工
",长沙,设计总监
上海,"
B站，哔哩哔哩
",上海,高级前端开发工程师
上海,"
B站，哔哩哔哩
",上海,资深Golang开发工程师
上海,"
B站，哔哩哔哩
",上海,游戏运营
上海,"
B站，哔哩哔哩
",上海,高级商业策划
上海,"
B站，哔哩哔哩
",上海,Java开发工程师
上海,"
B站，哔哩哔哩
",上海,后端开发工程师
上海,"
B站，哔哩哔哩
",上海,系统运维工程师
上海,"
B站，哔哩哔哩
",上海,内容运营-设计师
上海,"
B站，哔哩哔哩
",上海,研发工程师
上海,"
B站，哔哩哔哩
",上海,审核质检
上海,"
B站，哔哩哔哩
",上海,内容运营
上海,"
B站，哔哩哔哩
",上海,社区运营专员
上海,"
B站，哔哩哔哩
",上海,广告风控运营专员
上海,"
B站，哔哩哔哩
",上海,直播运营策划
上海,"
B站，哔哩哔哩
",上海,客服专员
深圳,"
大疆
",深圳,运营专员
深圳,"
大疆
",深圳,社交营销专员
深圳,"
大疆
",深圳,高级渠道营销专员
深圳,"
大疆
",深圳,图像处理算法工程师
深圳,"
大疆
",深圳,IT运维工程师
深圳,"
大疆
",深圳,市场主管
深圳,"
大疆
",深圳,高级认证工程师
深圳,"
大疆
",深圳,测试开发工程师
西安,"
大疆
",西安,客服专员 助理
深圳,"
大疆
",深圳,高级软件开发工程师
深圳,"
大疆
",深圳,测试工程师
深圳,"
大疆
",深圳,高级市场专员
深圳,"
大疆
",深圳,交互设计师
深圳,"
大疆
",深圳,备件管理专员
深圳,"
大疆
",深圳,android开发工程师
广州,"
网易
",广州,UI实习生
广州,"
网易
",广州,用户支持实习生
广州,"
网易
",广州,视觉设计实习生
广州,"
网易
",广州,有道词典产品经理实习生
广州,"
网易
",广州,设计实习生
广州,"
网易
",广州,广告设计实习生
广州,"
网易
",广州,G91手游系统策划
杭州,"
网易
",杭州,游戏运维工程师
广州,"
网易
",广州,DM116手游系统策划
广州,"
网易
",广州,广告设计组长
广州,"
网易
",广州,招聘专家
杭州,"
网易
",杭州,资深角色原画设计师
广州,"
网易
",广州,有道精品课客服班长
杭州,"
网易
",杭州,考拉工厂店 商品开发
广州,"
网易
",广州,资深服务器开发
深圳,"
腾讯
",深圳,25668腾讯云智慧企业行业高级市场经理
广州,"
腾讯
",广州,MIG08-iOS开发工程师
深圳,"
腾讯
",深圳,GY0JOOX后台开发工程师
北京,"
腾讯
",北京,30359视频安全web前端开发工程师
深圳,"
腾讯
",深圳,155703D角色设计师
北京,"
腾讯
",北京,17759腾讯视频积分商城运营
北京,"
腾讯
",北京,微信推荐机器学习算法工程师
深圳,"
腾讯
",深圳,5053929923社交产品交互设计师
深圳,"
腾讯
",深圳,TME全民K歌国际版Web开发组长
广州,"
腾讯
",广州,WXG01微信数据分析师
成都,"
腾讯
",成都,腾讯游戏客服
上海,"
腾讯
",上海,15573天天爱消除特效设计师
深圳,"
腾讯
",深圳,CSIG02腾讯智慧教育数据产品经理
深圳,"
腾讯
",深圳,CSIG02腾讯云教育行业高级产品经理
深圳,"
腾讯
",深圳,15605海贼王手游项目组3D角色设计师
北京,"
阿里
",北京,阿里文娱测试专家广告平台系统
杭州,"
阿里
",杭州,拍卖整合营销
北京,"
阿里
",北京,阿里云智能高级云业务经理行业能力中心银行
防城港,"
阿里
",防城港,云智能基础产品事业部基础产品事业部标准化专家杭州北京
北京,"
阿里
",北京,友盟测试工程师
长沙,"
阿里
",长沙,口碑客户经理长沙
杭州,"
阿里
",杭州,阿里集团安全部移动安全专家杭州
北京,"
阿里
",北京,Java开发专家 高级工程师
广州,"
阿里
",广州,互动娱乐事业部IEU游戏社区产品运营专家广州
深圳,"
阿里
",深圳,ICBU资深客户经理龙华区域
临沧,"
阿里
",临沧,CBU数字营销部0511北京技术专场数据挖掘方向
杭州,"
阿里
",杭州,阿里影业阿里鱼众筹营销活动运营专家
北京,"
阿里
",北京,JAVA开发专家
贵阳,"
阿里
",贵阳,阿里乡村事业部资深运营专员
杭州,"
阿里
",杭州,零售事业部采购专家杭州
北京,"
字节跳动
",北京,渠道拓展经理
北京,"
字节跳动
",北京,运营高级经理
北京,"
字节跳动
",北京,商业产品经理
北京,"
字节跳动
",北京,NLP算法工程师
北京,"
字节跳动
",北京,存储SRE工程师
北京,"
字节跳动
",北京,华北汽车大客户总监厂商集采方向
上海,"
字节跳动
",上海,视频特效开发工程师C方向
北京,"
字节跳动
",北京,政府关系
北京,"
字节跳动
",北京,企业产品运营经理
北京,"
字节跳动
",北京,iOS开发工程师
北京,"
字节跳动
",北京,前端工程师
北京,"
字节跳动
",北京,Java开发架构师
北京,"
字节跳动
",北京,高级前端开发工程师
北京,"
字节跳动
",北京,Java研发架构师
北京,"
字节跳动
",北京,IM研发工程师
address,company,detail,job
东莞,"
华为
",东莞,结构件导入工程师
深圳,"
华为
",深圳,BI 数据仓库
杭州,"
华为
",杭州,无线物联网技术服务工程师
西安,"
华为
",西安,网络安全工程师
北京,"
华为
",北京,底层软件专家798096779929
东莞,"
华为
",东莞,数据库高级工程师798096969994
苏州,"
华为
",苏州,驻厂管理
深圳,"
华为
",深圳,AIARM高级嵌入式软件开发工程师
成都,"
华为
",成都,软件开发工程师
杭州,"
华为
",杭州,海外营销经理
深圳,"
华为
",深圳,海外营销经理
深圳,"
华为
",深圳,PaaS平台架构师
东莞,"
华为
",东莞,制造物流技师
南昌,"
华为
",南昌,无线物联网技术服务工程师
杭州,"
华为
",杭州,AI云服务架构师
南阳,"
想念食品
",南阳,监察专员
南阳,"
想念食品
",南阳,商务司机
南阳,"
想念食品
",南阳,设备维修 机修 电工 焊工 钳工
南阳,"
想念食品
",南阳,生产储备干部
南阳,"
想念食品
",南阳,运营助理
南阳,"
想念食品
",南阳,客服专员
南阳,"
想念食品
",南阳,农资专员
南阳,"
想念食品
",南阳,农技专员
南阳,"
想念食品
",南阳,暑期实习生
南阳,"
想念食品
",南阳,电商运营
南阳,"
想念食品
",南阳,想念长白班工人
武汉,"
想念食品
",武汉,电商运营
南阳,"
想念食品
",南阳,设备管理
南阳,"
想念食品
",南阳,品牌推广
南阳,"
想念食品
",南阳,设备管理类
佛山,"
博智林机器人
",佛山,嵌入式软件工程师
广州,"
博智林机器人
",广州,高级算法工程师
佛山,"
博智林机器人
",佛山,机械工程师
佛山,"
博智林机器人
",佛山,伺服控制组算法工程师
佛山,"
博智林机器人
",佛山,架构师
广州,"
博智林机器人
",广州,嵌入式软件工程师
佛山,"
博智林机器人
",佛山,数据采集工程师
广州,"
博智林机器人
",广州,机器视觉算法工程师
佛山,"
博智林机器人
",佛山,大数据架构师
佛山,"
博智林机器人
",佛山,AGV导航工程师
佛山,"
博智林机器人
",佛山,SLAM算法工程师
广州,"
博智林机器人
",广州,自然语言处理开发工程师
广州,"
博智林机器人
",广州,知识图谱研发工程师
佛山,"
博智林机器人
",佛山,机器学习研发工程师
佛山,"
博智林机器人
",佛山,深度学习架构师
北京,"
三一重工
",北京,边缘计算工程师
北京,"
三一重工
",北京,采购专员
苏州,"
三一重工
",苏州,水处理环境工程师
长沙,"
三一重工
",长沙,国际营销经理
北京,"
三一重工
",北京,电气工程师
苏州,"
三一重工
",苏州,超大型挖掘机工作装置设计专家
苏州,"
三一重工
",苏州,动力工程师
北京,"
三一重工
",北京,sap工程师
北京,"
三一重工
",北京,新媒体编辑
珠海,"
三一重工
",珠海,设备主管
长沙,"
三一重工
",长沙,文案策划
北京,"
三一重工
",北京,营销产 品经理
海口,"
三一重工
",海口,区域营销代表
长沙,"
三一重工
",长沙,资料员
长沙,"
三一重工
",长沙,设计总监
上海,"
B站，哔哩哔哩
",上海,高级前端开发工程师
上海,"
B站，哔哩哔哩
",上海,资深Golang开发工程师
上海,"
B站，哔哩哔哩
",上海,游戏运营
上海,"
B站，哔哩哔哩
",上海,高级商业策划
上海,"
B站，哔哩哔哩
",上海,Java开发工程师
上海,"
B站，哔哩哔哩
",上海,后端开发工程师
上海,"
B站，哔哩哔哩
",上海,系统运维工程师
上海,"
B站，哔哩哔哩
",上海,内容运营-设计师
上海,"
B站，哔哩哔哩
",上海,研发工程师
上海,"
B站，哔哩哔哩
",上海,审核质检
上海,"
B站，哔哩哔哩
",上海,内容运营
上海,"
B站，哔哩哔哩
",上海,社区运营专员
上海,"
B站，哔哩哔哩
",上海,广告风控运营专员
上海,"
B站，哔哩哔哩
",上海,直播运营策划
上海,"
B站，哔哩哔哩
",上海,客服专员
深圳,"
大疆
",深圳,运营专员
深圳,"
大疆
",深圳,社交营销专员
深圳,"
大疆
",深圳,高级渠道营销专员
深圳,"
大疆
",深圳,图像处理算法工程师
深圳,"
大疆
",深圳,IT运维工程师
深圳,"
大疆
",深圳,市场主管
深圳,"
大疆
",深圳,高级认证工程师
深圳,"
大疆
",深圳,测试开发工程师
西安,"
大疆
",西安,客服专员 助理
深圳,"
大疆
",深圳,高级软件开发工程师
深圳,"
大疆
",深圳,测试工程师
深圳,"
大疆
",深圳,高级市场专员
深圳,"
大疆
",深圳,交互设计师
深圳,"
大疆
",深圳,备件管理专员
深圳,"
大疆
",深圳,android开发工程师
广州,"
网易
",广州,UI实习生
广州,"
网易
",广州,用户支持实习生
广州,"
网易
",广州,视觉设计实习生
广州,"
网易
",广州,有道词典产品经理实习生
广州,"
网易
",广州,设计实习生
广州,"
网易
",广州,广告设计实习生
广州,"
网易
",广州,G91手游系统策划
杭州,"
网易
",杭州,游戏运维工程师
广州,"
网易
",广州,DM116手游系统策划
广州,"
网易
",广州,广告设计组长
广州,"
网易
",广州,招聘专家
杭州,"
网易
",杭州,资深角色原画设计师
广州,"
网易
",广州,有道精品课客服班长
杭州,"
网易
",杭州,考拉工厂店 商品开发
广州,"
网易
",广州,资深服务器开发
深圳,"
腾讯
",深圳,25668腾讯云智慧企业行业高级市场经理
广州,"
腾讯
",广州,MIG08-iOS开发工程师
深圳,"
腾讯
",深圳,GY0JOOX后台开发工程师
北京,"
腾讯
",北京,30359视频安全web前端开发工程师
深圳,"
腾讯
",深圳,155703D角色设计师
北京,"
腾讯
",北京,17759腾讯视频积分商城运营
北京,"
腾讯
",北京,微信推荐机器学习算法工程师
深圳,"
腾讯
",深圳,5053929923社交产品交互设计师
深圳,"
腾讯
",深圳,TME全民K歌国际版Web开发组长
广州,"
腾讯
",广州,WXG01微信数据分析师
成都,"
腾讯
",成都,腾讯游戏客服
上海,"
腾讯
",上海,15573天天爱消除特效设计师
深圳,"
腾讯
",深圳,CSIG02腾讯智慧教育数据产品经理
深圳,"
腾讯
",深圳,CSIG02腾讯云教育行业高级产品经理
深圳,"
腾讯
",深圳,15605海贼王手游项目组3D角色设计师
北京,"
阿里
",北京,阿里文娱测试专家广告平台系统
杭州,"
阿里
",杭州,拍卖整合营销
北京,"
阿里
",北京,阿里云智能高级云业务经理行业能力中心银行
防城港,"
阿里
",防城港,云智能基础产品事业部基础产品事业部标准化专家杭州北京
北京,"
阿里
",北京,友盟测试工程师
长沙,"
阿里
",长沙,口碑客户经理长沙
杭州,"
阿里
",杭州,阿里集团安全部移动安全专家杭州
北京,"
阿里
",北京,Java开发专家 高级工程师
广州,"
阿里
",广州,互动娱乐事业部IEU游戏社区产品运营专家广州
深圳,"
阿里
",深圳,ICBU资深客户经理龙华区域
临沧,"
阿里
",临沧,CBU数字营销部0511北京技术专场数据挖掘方向
杭州,"
阿里
",杭州,阿里影业阿里鱼众筹营销活动运营专家
北京,"
阿里
",北京,JAVA开发专家
贵阳,"
阿里
",贵阳,阿里乡村事业部资深运营专员
杭州,"
阿里
",杭州,零售事业部采购专家杭州
北京,"
字节跳动
",北京,渠道拓展经理
北京,"
字节跳动
",北京,运营高级经理
北京,"
字节跳动
",北京,商业产品经理
北京,"
字节跳动
",北京,NLP算法工程师
北京,"
字节跳动
",北京,存储SRE工程师
北京,"
字节跳动
",北京,华北汽车大客户总监厂商集采方向
上海,"
字节跳动
",上海,视频特效开发工程师C方向
北京,"
字节跳动
",北京,政府关系
北京,"
字节跳动
",北京,企业产品运营经理
北京,"
字节跳动
",北京,iOS开发工程师
北京,"
字节跳动
",北京,前端工程师
北京,"
字节跳动
",北京,Java开发架构师
北京,"
字节跳动
",北京,高级前端开发工程师
北京,"
字节跳动
",北京,Java研发架构师
北京,"
字节跳动
",北京,IM研发工程师
address,company,detail,job
深圳,"
名流家政连锁
",深圳,家教
深圳,"
名流家政连锁
",深圳,前台客服
深圳,"
名流家政连锁
",深圳,客服老师
深圳,"
名流家政连锁
",深圳,网络推广员
深圳,"
名流家政连锁
",深圳,月嫂
深圳,"
名流家政连锁
",深圳,育婴师幼教早教
深圳,"
名流家政连锁
",深圳,月嫂培训育婴师培训
深圳,"
名流家政连锁
",深圳,保姆
深圳,"
名流家政连锁
",深圳,店长
杭州,"
浙江百能科技有限公司
",杭州,机电安装工程质量主管
杭州,"
浙江百能科技有限公司
",杭州,采购工程师
杭州,"
浙江百能科技有限公司
",杭州,除尘专业设计经理
杭州,"
浙江百能科技有限公司
",杭州,锅炉 脱销设计经理
杭州,"
浙江百能科技有限公司
",杭州,电仪调试员
杭州,"
浙江百能科技有限公司
",杭州,调试经理
杭州,"
浙江百能科技有限公司
",杭州,自控工程师
杭州,"
浙江百能科技有限公司
",杭州,调试工程师
杭州,"
浙江百能科技有限公司
",杭州,设计工程师
杭州,"
浙江百能科技有限公司
",杭州,脱硫脱硝工艺设计
杭州,"
浙江百能科技有限公司
",杭州,水处理总工程师
杭州,"
浙江百能科技有限公司
",杭州,绩效薪酬主管
杭州,"
浙江百能科技有限公司
",杭州,安全专工
杭州,"
浙江百能科技有限公司
",杭州,工程预决算
杭州,"
浙江百能科技有限公司
",杭州,土建结构工程师
杭州,"
酷驴大数据
",杭州,销售代表看过来
杭州,"
酷驴大数据
",杭州,销售代表
杭州,"
酷驴大数据
",杭州,编辑
杭州,"
酷驴大数据
",杭州,销售专员
杭州,"
酷驴大数据
",杭州,高薪淘客运营 淘宝客
杭州,"
酷驴大数据
",杭州,销售6
杭州,"
酷驴大数据
",杭州,小红书编辑
杭州,"
酷驴大数据
",杭州,招聘专员
杭州,"
酷驴大数据
",杭州,运营经理助理
杭州,"
酷驴大数据
",杭州,人事专员
杭州,"
曼伟餐饮
",杭州,电话销售 招商专员 无责底薪4K
杭州,"
曼伟餐饮
",杭州,无责底薪6K电话销售
杭州,"
曼伟餐饮
",杭州,销售代表 招商专员 无责底薪4k
杭州,"
曼伟餐饮
",杭州,无责任底薪6000诚聘电话销售
杭州,"
曼伟餐饮
",杭州,厨师长
杭州,"
曼伟餐饮
",杭州,面点培训师
杭州,"
曼伟餐饮
",杭州,无责任底薪6K招销售代表
杭州,"
曼伟餐饮
",杭州,抖音编导
杭州,"
曼伟餐饮
",杭州,抖音运营
杭州,"
曼伟餐饮
",杭州,微商操盘手
杭州,"
曼伟餐饮
",杭州,微商运营总监
杭州,"
曼伟餐饮
",杭州,面点师
杭州,"
曼伟餐饮
",杭州,中餐培训师 包吃住
杭州,"
曼伟餐饮
",杭州,厨师 包吃住
杭州,"
曼伟餐饮
",杭州,营销经理 电话销售经理
合肥,"
小余教育
",合肥,客服3500
合肥,"
小余教育
",合肥,课程顾问3500
合肥,"
小余教育
",合肥,排课老师4500
杭州,"
小余教育
",杭州,高薪 在家线上授课 初中语文辅导老师
杭州,"
小余教育
",杭州,高薪 在家线上授课 小学语文辅导老师
合肥,"
小余教育
",合肥,兼职在线老师
杭州,"
小余教育
",杭州,python开发工程师
杭州,"
小余教育
",杭州,销售顾问
杭州,"
小余教育
",杭州,课程顾问
杭州,"
小余教育
",杭州,销售 课程顾问 互联网教育
杭州,"
小余教育
",杭州,在线辅导 高薪 高中信息技术老师
杭州,"
小余教育
",杭州,在线授课 高薪 高中数学辅导老师
杭州,"
小余教育
",杭州,在线授课 高薪 初中数学辅导老师
杭州,"
小余教育
",杭州,在线授课 高薪 小学数学辅导老师
杭州,"
小余教育
",杭州,在线授课 高薪 高中英语辅导老师
杭州,"
大华股份
",杭州,海外账务管理员
杭州,"
大华股份
",杭州,高级硬件射频工程师
杭州,"
大华股份
",杭州,海外能力专家
杭州,"
大华股份
",杭州,流程专员
杭州,"
大华股份
",杭州,精益工程师 精益专家
杭州,"
大华股份
",杭州,供应链项目交付经理
杭州,"
大华股份
",杭州,高级计划经理
杭州,"
大华股份
",杭州,生产计划工程师
成都,"
大华股份
",成都,运营专员 商务专员
杭州,"
大华股份
",杭州,项目计划工程师
杭州,"
大华股份
",杭州,项目交付经理
杭州,"
大华股份
",杭州,C客户端开发工程师
南京,"
大华股份
",南京,解决方案工程师
成都,"
大华股份
",成都,大区经理
杭州,"
大华股份
",杭州,海外商务专员
杭州,"
菜鸟网络，菜鸟
",杭州,菜鸟-欧洲区域干线网络运营
杭州,"
菜鸟网络，菜鸟
",杭州,JAVA高级工程师 JAVA开发专家
--,"
菜鸟网络，菜鸟
",--,菜鸟-城市运营经理-末端事业部
杭州,"
菜鸟网络，菜鸟
",杭州,税务专员或资深税务专员
北京,"
菜鸟网络，菜鸟
",北京,新零售-供应链平台-Java技术专家 高级工程师
杭州,"
菜鸟网络，菜鸟
",杭州,新零售-Java高级工程师-库存中心
杭州,"
菜鸟网络，菜鸟
",杭州,菜鸟-高级Java开发工程师 Java开发专家-研
杭州,"
菜鸟网络，菜鸟
",杭州,高级Java开发工程师 Java开发专家
石家庄,"
菜鸟网络，菜鸟
",石家庄,城市运营专员
杭州,"
菜鸟网络，菜鸟
",杭州,技术专家
杭州,"
菜鸟网络，菜鸟
",杭州,高级测试开发工程师
杭州,"
菜鸟网络，菜鸟
",杭州,高级Java开发工程师
杭州,"
菜鸟网络，菜鸟
",杭州,开发
杭州,"
菜鸟网络，菜鸟
",杭州,文化传播专员专家
杭州,"
菜鸟网络，菜鸟
",杭州,阿里巴巴校招内推
杭州,"
海康威视
",杭州,机器人-高级研发项目经理
西安,"
海康威视
",西安,西安-高级应用软件开发工程师
杭州,"
海康威视
",杭州,供应链-高级ME工程师
杭州,"
海康威视
",杭州,安防软件平台-高级Web前端开发工程师
杭州,"
海康威视
",杭州,研发翻译助理实习生
广州,"
海康威视
",广州,行政助理
成都,"
海康威视
",成都,四川业务中心-技术支持实习生
成都,"
海康威视
",成都,四川业务中心-行政实习生
杭州,"
海康威视
",杭州,技术支持工程师实习生
杭州,"
海康威视
",杭州,售后支持
杭州,"
海康威视
",杭州,供应链-ME专家
杭州,"
海康威视
",杭州,机器人-行业销售
杭州,"
海康威视
",杭州,供应链-资源开发专员
杭州,"
海康威视
",杭州,机器人-应用软件开发工程师
台州,"
海康威视
",台州,解决方案行销工程师
杭州,"
施强集团
",杭州,国际双语数学老师
河源,"
农夫山泉
",河源,水线制造科长
河源,"
农夫山泉
",河源,理化检验员
杭州,"
农夫山泉
",杭州,工业工程部总监
洛阳,"
农夫山泉
",洛阳,业务代表
广州,"
农夫山泉
",广州,办事处经理
杭州,"
农夫山泉
",杭州,量贩运营主管
杭州,"
农夫山泉
",杭州,行政企划专员 主管
杭州,"
农夫山泉
",杭州,行政企划专员
天津,"
农夫山泉
",天津,稽查主管
杭州,"
农夫山泉
",杭州,客户管理主管
杭州,"
农夫山泉
",杭州,行政企划实习生
杭州,"
农夫山泉
",杭州,招聘经理
杭州,"
农夫山泉
",杭州,人事行政专员
东莞,"
农夫山泉
",东莞,管理培训生
淮北,"
农夫山泉
",淮北,销管生
杭州,"
娃哈哈
",杭州,质量管理工程师
杭州,"
娃哈哈
",杭州,外贸业务经理
杭州,"
娃哈哈
",杭州,电气工程师
保定,"
娃哈哈
",保定,综合管理员
杭州,"
娃哈哈
",杭州,原材料添加剂采购
杭州,"
娃哈哈
",杭州,药品质量负责人
杭州,"
娃哈哈
",杭州,机器人应用工程师
杭州,"
娃哈哈
",杭州,系统架构师
保定,"
娃哈哈
",保定,统计核算员
杭州,"
娃哈哈
",杭州,理化检测工程师
杭州,"
娃哈哈
",杭州,自动化研究所所长
杭州,"
娃哈哈
",杭州,产品经理
杭州,"
娃哈哈
",杭州,微生物检测工程师
杭州,"
娃哈哈
",杭州,政府事务专家
拉萨,"
娃哈哈
",拉萨,销售客户经理
深圳,"
恒生电子
",深圳,实施工程师-广州
杭州,"
恒生电子
",杭州,产品经理
深圳,"
恒生电子
",深圳,高级客户经理-深圳
杭州,"
恒生电子
",杭州,JAVA开发工程师-杭州
杭州,"
恒生电子
",杭州,高级前端开发工程师-杭州
杭州,"
恒生电子
",杭州,数据仓库架构师
杭州,"
恒生电子
",杭州,java高级开发营销服务事业部
杭州,"
恒生电子
",杭州,java架构师营销服务事业部
杭州,"
恒生电子
",杭州,配置管理工程师
深圳,"
恒生电子
",深圳,web前端工程师-深圳
杭州,"
恒生电子
",杭州,反洗钱研究员
南京,"
恒生电子
",南京,JAVA实施工程师-江苏
杭州,"
恒生电子
",杭州,金融数据算法专家
上海,"
恒生电子
",上海,客户经理-上海
杭州,"
恒生电子
",杭州,高级数据库开发工程师-杭州
杭州,"
百博电商
",杭州,招聘专员
杭州,"
百博电商
",杭州,电话销售
杭州,"
百博电商
",杭州,销售专员
杭州,"
吉利汽车，吉利
",杭州,大数据开发工程师
上海,"
吉利汽车，吉利
",上海,Vehicle Architecture and ergonomics Expert
张家口,"
吉利汽车，吉利
",张家口,生产计划工程师
杭州,"
吉利汽车，吉利
",杭州,内容营销岗
张家口,"
吉利汽车，吉利
",张家口,2019届应届生
宁波,"
吉利汽车，吉利
",宁波,资金结算岗
武汉,"
吉利汽车，吉利
",武汉,MCU开发工程师
杭州,"
吉利汽车，吉利
",杭州,大数据架构师
杭州,"
吉利汽车，吉利
",杭州,产品经理
杭州,"
吉利汽车，吉利
",杭州,系统工程师
杭州,"
吉利汽车，吉利
",杭州,信息安全
宁波,"
吉利汽车，吉利
",宁波,数据挖掘工程师
杭州,"
吉利汽车，吉利
",杭州,HRBP
宁波,"
吉利汽车，吉利
",宁波,包装工程师
宁波,"
吉利汽车，吉利
",宁波,企业文化高级专员
杭州,"
奥拓机电
",杭州,保安
杭州,"
奥拓机电
",杭州,采购助理
杭州,"
奥拓机电
",杭州,国内销售经理
杭州,"
奥拓机电
",杭州,国际销售经理
杭州,"
奥拓机电
",杭州,销售专员
杭州,"
奥拓机电
",杭州,电气自动化工程师
杭州,"
奥拓机电
",杭州,策划专员
杭州,"
奥拓机电
",杭州,董事长办公室商务秘书
杭州,"
奥拓机电
",杭州,机械设计工程师
杭州,"
奥拓机电
",杭州,工艺设计工程师
杭州,"
奥拓机电
",杭州,技术部经理
杭州,"
奥拓机电
",杭州,董事长助理
杭州,"
奥拓机电
",杭州,销售经理
杭州,"
奥拓机电
",杭州,知识产权管理员
杭州,"
奥拓机电
",杭州,发货员
北京,"
江苏南通二建集团东昂建设工程有限公司
",北京,安全员
昆明,"
江苏南通二建集团东昂建设工程有限公司
",昆明,安全员
邯郸,"
江苏南通二建集团东昂建设工程有限公司
",邯郸,安全员
北京,"
江苏南通二建集团东昂建设工程有限公司
",北京,安全经理
北京,"
江苏南通二建集团东昂建设工程有限公司
",北京,市场专员
北京,"
江苏南通二建集团东昂建设工程有限公司
",北京,档案管理
廊坊,"
江苏南通二建集团东昂建设工程有限公司
",廊坊,人力资源专员
北京,"
江苏南通二建集团东昂建设工程有限公司
",北京,人力资源主管
廊坊,"
江苏南通二建集团东昂建设工程有限公司
",廊坊,办公室兼市场部
北京,"
江苏南通二建集团东昂建设工程有限公司
",北京,资质维护员
邯郸,"
江苏南通二建集团东昂建设工程有限公司
",邯郸,总工程师
北京,"
江苏南通二建集团东昂建设工程有限公司
",北京,技术总工
北京,"
江苏南通二建集团东昂建设工程有限公司
",北京,总工程师
南京,"
江苏南通二建集团东昂建设工程有限公司
",南京,技术总工
昆明,"
江苏南通二建集团东昂建设工程有限公司
",昆明,技术总工
深圳,"
大疆
",深圳,精准农业应用工程师
深圳,"
大疆
",深圳,配置管理工程师
杭州,"
大疆
",杭州,直营店专员
深圳,"
大疆
",深圳,招聘专员
深圳,"
大疆
",深圳,高级Android开发工程师
深圳,"
大疆
",深圳,零售培训专员
深圳,"
大疆
",深圳,包装设计师
深圳,"
大疆
",深圳,中国区服务主管专员
深圳,"
大疆
",深圳,备件管理专员
深圳,"
大疆
",深圳,新产品导入工程师
深圳,"
大疆
",深圳,高级嵌入式软件工程师
深圳,"
大疆
",深圳,商务专员
深圳,"
大疆
",深圳,海外服务主管专员
西安,"
大疆
",西安,助理技术服务主管
西安,"
大疆
",西安,客服专员 助理
上海,"
B站，哔哩哔哩
",上海,cocos2d-x
上海,"
B站，哔哩哔哩
",上海,大数据运维工程师
上海,"
B站，哔哩哔哩
",上海,JAVA开发
上海,"
B站，哔哩哔哩
",上海,2D动效师
重庆,"
B站，哔哩哔哩
",重庆,音频后期
上海,"
B站，哔哩哔哩
",上海,版权内容产品经理
上海,"
B站，哔哩哔哩
",上海,付费会员产品经理
上海,"
B站，哔哩哔哩
",上海,高级iOS开发工程师
上海,"
B站，哔哩哔哩
",上海,制片人
上海,"
B站，哔哩哔哩
",上海,版权合作
上海,"
B站，哔哩哔哩
",上海,QC验货员
上海,"
B站，哔哩哔哩
",上海,用户增长产品经理
上海,"
B站，哔哩哔哩
",上海,运营实习生
北京,"
B站，哔哩哔哩
",北京,产品经理
上海,"
B站，哔哩哔哩
",上海,项目经理
长沙,"
三一重工
",长沙,高级审计监察经理
苏州,"
三一重工
",苏州,电子硬件测试工程师
苏州,"
三一重工
",苏州,水处理环境工程师
长沙,"
三一重工
",长沙,品类经理
湖州,"
三一重工
",湖州,工艺工程师
北京,"
三一重工
",北京,招聘专员
上海,"
三一重工
",上海,国际 CRM系统高级经理
北京,"
三一重工
",北京,自动驾驶传感器集成工程师
常德,"
三一重工
",常德,设备工程师
邵阳,"
三一重工
",邵阳,财务会计
长沙,"
三一重工
",长沙,系统工程师
珠海,"
三一重工
",珠海,小港机机械工程师
苏州,"
三一重工
",苏州,CAE工程师
上海,"
三一重工
",上海,工艺工程师
长沙,"
三一重工
",长沙,新能源整车控制器 资深工程师
广州,"
网易
",广州,前端开发工程师
广州,"
网易
",广州,数值策划
杭州,"
网易
",杭州,java技术专家架构师-网易考拉
杭州,"
网易
",杭州,资深SRE工程师
杭州,"
网易
",杭州,智能客服产品专家
萍乡,"
贷上钱
",萍乡,财务主管
广州,"
网易
",广州,文案策划
北京,"
网易
",北京,在线教育高级内容运营
杭州,"
网易
",杭州,资深数据开发 专家
杭州,"
网易
",杭州,资深unity开发工程师
北京,"
网易
",北京,资深数据分析师
杭州,"
网易
",杭州,仓配经理
上海,"
网易
",上海,Java开发工程师
杭州,"
网易
",杭州,资深算法工程师 - 音乐事业部003
杭州,"
网易
",杭州,产品经理实习生-杭州
广州,"
网易
",广州,海外本地化运营-市场与渠道中心931
北京,"
字节跳动
",北京,化学主讲-清北网校项目
北京,"
字节跳动
",北京,异业合作经理
北京,"
字节跳动
",北京,行政专员-中航
北京,"
字节跳动
",北京,用户研究专员
北京,"
字节跳动
",北京,资深质检
广州,"
字节跳动
",广州,今日头条广告销售经理
深圳,"
字节跳动
",深圳,UI实习生
北京,"
字节跳动
",北京,游戏音频设计师
北京,"
字节跳动
",北京,抖音星图平台高级策略产品经理
北京,"
字节跳动
",北京,学习发展高级专家
北京,"
字节跳动
",北京,测试开发工程师-服务端
北京,"
字节跳动
",北京,教学产品策划师-英语教育产品
北京,"
字节跳动
",北京,仓储物流管理专家
青岛,"
字节跳动
",青岛,广告增值高级经理
武汉,"
字节跳动
",武汉,培训部实习生
上海,"
阿里
",上海,运维工程师
--,"
阿里
",--,阿里集团-云业务经理-郑州长沙武汉南昌
杭州,"
阿里
",杭州,文娱-IOS高级开发工程师-基础产研
上海,"
阿里
",上海,iOS开发
上海,"
阿里
",上海,golang后端
上海,"
阿里
",上海,Android开发
上海,"
阿里
",上海,前端工程师
杭州,"
阿里
",杭州,时尚搭配造型师
杭州,"
阿里
",杭州,跨境贸易客户经理
深圳,"
阿里
",深圳,盒马-工坊研发专家-深圳
南京,"
阿里
",南京,盒马-餐饮采购专家-南京
重庆,"
阿里
",重庆,盒马-生鲜采购专家-重庆
北京,"
阿里
",北京,创新事业群XLab事业部-高级研发专家-北京
上海,"
阿里
",上海,后端研发工程师
杭州,"
阿里
",杭州,前端开发
深圳,"
腾讯
",深圳,51857-15605-高级3D角色设计师
深圳,"
腾讯
",深圳,23295-互娱增长平台产品经理
深圳,"
腾讯
",深圳,23295-互娱营销增长类后台数据开发工程师
深圳,"
腾讯
",深圳,21557-SrPrincipal Researcher
深圳,"
腾讯
",深圳,22989-交互设计师
深圳,"
腾讯
",深圳,TEG13-自然语言处理组长
深圳,"
腾讯
",深圳,26832-校园招聘经理
深圳,"
腾讯
",深圳,27566-叙事游戏市场运营
深圳,"
腾讯
",深圳,CSIG-自然语言处理高级程师
上海,"
腾讯
",上海,15616-资深2D日漫场景设计师
深圳,"
腾讯
",深圳,21530-腾讯音乐外包服务管理经理
深圳,"
腾讯
",深圳,高中生物 历史 地理 政治学科老师
深圳,"
腾讯
",深圳,PCG04-高级后台测试开发工程师
上海,"
腾讯
",上海,19332-企业产品视觉设计师
深圳,"
腾讯
",深圳,29316-员工关系经理
